mos,bjt,res,mim,code,worst_tc_ppm_C,tc_3p3V_ppm_C,tc_5V_ppm_C,vref_25C_3p3V_V,vref_25C_5V_V
ff,bjt_ff,res_ff,mimcap_typical,80,5.282365929349429,3.613312657388848,5.282365929349429,1.18135967809914,1.181523566919044
ff,bjt_ff,res_ss,mimcap_typical,66,3.865575353883723,3.865575353883723,3.1092794390211598,1.187691460159674,1.187955657380161
ff,bjt_ff,res_typical,mimcap_typical,71,3.921968150356881,2.688041764305582,3.921968150356881,1.185748248059188,1.185954980250929
ff,bjt_ss,res_ff,mimcap_typical,94,4.955175146410873,4.355626125288226,4.955175146410873,1.176046653369894,1.176204703395764
ff,bjt_ss,res_ss,mimcap_typical,79,3.762870748718974,3.762870748718974,3.0433403212230465,1.183192453586667,1.183447603534087
ff,bjt_ss,res_typical,mimcap_typical,85,3.7124118503154726,2.5593626673734686,3.7124118503154726,1.181058475148564,1.181258260494917
ff,bjt_typical,res_ff,mimcap_typical,86,5.128444501418842,5.128444501418842,4.831948934743278,1.1785391888629,1.178700597092221
ff,bjt_typical,res_ss,mimcap_typical,71,3.409772046003261,3.409772046003261,3.0173814823832315,1.186051367382108,1.186311858563104
ff,bjt_typical,res_typical,mimcap_typical,77,3.685311505604421,3.1498434955446384,3.685311505604421,1.18343848342204,1.18364241020568
fs,bjt_ff,res_ff,mimcap_typical,79,2.0387654811179363,2.0387654811179363,1.9922509637957282,1.18202144314182,1.182147781334374
fs,bjt_ff,res_ss,mimcap_typical,65,3.635916647603844,3.635916647603844,3.5577436641759506,1.189266322600764,1.189436518860308
fs,bjt_ff,res_typical,mimcap_typical,71,3.4719533183335716,3.4719533183335716,3.3930193749609,1.185948666563993,1.186094383303354
fs,bjt_ss,res_ff,mimcap_typical,93,0.4879376709199751,0.4879376709199751,0.48683699141470815,1.177797332312314,1.177919556546736
fs,bjt_ss,res_ss,mimcap_typical,78,3.745866150476409,3.745866150476409,3.667374674912107,1.185132699387193,1.185297785888606
fs,bjt_ss,res_typical,mimcap_typical,85,2.9693086316934627,2.9693086316934627,2.910273678717306,1.18130863312182,1.181449711078191
fs,bjt_typical,res_ff,mimcap_typical,85,1.2570455083246188,1.2570455083246188,1.2252779901061197,1.180255010348597,1.180379601675462
fs,bjt_typical,res_ss,mimcap_typical,70,4.318098393996025,4.318098393996025,4.238022769709266,1.187966463029538,1.18813462600567
fs,bjt_typical,res_typical,mimcap_typical,76,3.232374800148659,3.232374800148659,3.1441108977676904,1.185409666041491,1.185553678453543
sf,bjt_ff,res_ff,mimcap_typical,82,2.9941019575560373,1.5434079093116737,2.9941019575560373,1.180086383959848,1.180241394709338
sf,bjt_ff,res_ss,mimcap_typical,67,3.0232718376491783,3.0232718376491783,2.5014993797993625,1.187006379754148,1.187187649521904
sf,bjt_ff,res_typical,mimcap_typical,73,1.662302848646128,1.4898794328597698,1.662302848646128,1.184615894039254,1.184778984260607
sf,bjt_ss,res_ff,mimcap_typical,97,3.2793526981899404,1.7963579527452664,3.2793526981899404,1.174742430993139,1.174892464682317
sf,bjt_ss,res_ss,mimcap_typical,81,2.5888121585879476,2.5888121585879476,2.1027291918830024,1.18226948920194,1.182445039568257
sf,bjt_ss,res_typical,mimcap_typical,87,1.5256503871074287,1.0669554730911512,1.5256503871074287,1.179532896060204,1.179690903877733
sf,bjt_typical,res_ff,mimcap_typical,88,3.3653043930337136,1.8537724563616227,3.3653043930337136,1.178090276243331,1.178243369614067
sf,bjt_typical,res_ss,mimcap_typical,73,3.3560842485982834,3.3560842485982834,2.821732686985245,1.184674390639299,1.184853293245829
sf,bjt_typical,res_typical,mimcap_typical,79,2.4148045850074316,2.4148045850074316,1.9950360015375403,1.181758832076655,1.181919733095947
ss,bjt_ff,res_ff,mimcap_typical,82,1.9004427022960542,1.8628053938946263,1.9004427022960542,1.180477410089068,1.180613210484052
ss,bjt_ff,res_ss,mimcap_typical,67,3.3075889449810134,3.284214559851046,3.3075889449810134,1.187209712722881,1.187357977597743
ss,bjt_ff,res_typical,mimcap_typical,73,2.2419356478387362,2.2419356478387362,2.1451644844599644,1.184893093186296,1.18502968669032
ss,bjt_ss,res_ff,mimcap_typical,98,1.4926933251513514,1.4705676944783892,1.4926933251513514,1.173843859348335,1.173975032383726
ss,bjt_ss,res_ss,mimcap_typical,81,2.559106541835565,2.5353657915494003,2.559106541835565,1.182525831925852,1.182669854820199
ss,bjt_ss,res_typical,mimcap_typical,88,1.330625539142324,1.3263730943023322,1.330625539142324,1.179134342568436,1.179266702337278
ss,bjt_typical,res_ff,mimcap_typical,89,1.6388305311811655,1.6298837051949862,1.6388305311811655,1.17679770518666,1.176931495144241
ss,bjt_typical,res_ss,mimcap_typical,73,3.490215616513577,3.4603440803667795,3.490215616513577,1.184900250861655,1.185046585180313
ss,bjt_typical,res_typical,mimcap_typical,79,1.7888084083258167,1.7871458448931101,1.7888084083258167,1.182062437561255,1.182197256204668
typical,bjt_ff,res_ff,mimcap_typical,80,2.2280260523899824,2.04818405257982,2.2280260523899824,1.182384945074531,1.182519914668633
typical,bjt_ff,res_ss,mimcap_typical,66,3.536460947517581,3.536460947517581,3.34962664978092,1.188268396772291,1.18844100749147
typical,bjt_ff,res_typical,mimcap_typical,72,2.1596395211994466,2.1596395211994466,1.9674274310983373,1.185743113771064,1.185894787552362
typical,bjt_ss,res_ff,mimcap_typical,95,1.895177354532554,1.895177354532554,1.8810460718525421,1.17552935406772,1.17565958191833
typical,bjt_ss,res_ss,mimcap_typical,79,2.8576867650436375,2.8576867650436375,2.770118053348149,1.183892638637301,1.184059935584446
typical,bjt_ss,res_typical,mimcap_typical,86,2.1829535316012723,2.1829535316012723,2.0167046522932637,1.180544827402683,1.180691956185893
typical,bjt_typical,res_ff,mimcap_typical,86,0.9765263863994331,0.8051585090440578,0.9765263863994331,1.179645086980724,1.179778096813159
typical,bjt_typical,res_ss,mimcap_typical,71,3.267725787898688,3.267725787898688,3.1787333120748786,1.186675982569336,1.186846366700504
typical,bjt_typical,res_typical,mimcap_typical,77,2.5417791609054308,2.5417791609054308,2.4551629008476885,1.184246962517511,1.184396926441293
